{"cameraMode":{"drawMode":0,"name":"Shaded","section":"Shading Mode"},"sceneLighting":true,"audioPlay":false,"sceneViewState":{"showFog":true,"showMaterialUpdate":false,"showSkybox":true,"showFlares":true,"showImageEffects":true,"showParticleSystems":true},"in2DMode":false,"pivot":{"x":28.349998474121095,"y":3.3749542236328127,"z":32.73575973510742},"rotation":{"x":0.4157172441482544,"y":0.304631769657135,"z":-0.15010002255439759,"w":0.8437126278877258},"size":44.742515563964847,"orthographic":false}